Rank,Program Name,Sport(s),Location,Age Range,Season,Cost Range,Website
1,Denver Youth Sports,"Multi (soccer, basketball, flag football, volleyball, track, baseball)","Denver (citywide)",5–14,"Spring/Fall/Winter","$80–$150",https://www.denveryouthsports.org/
2,YMCA Youth Sports,"Soccer, basketball, flag football, volleyball","Metropolitan Denver",5–15,"Spring/Fall/Winter","$100–$180",https://denverymca.org/
3,i9 Sports (Central Park / Park Hill),"Flag football, soccer, basketball, baseball","Central Park / Park Hill",4–14,Spring/Fall,"$120–$180",https://www.i9sports.com/
4,Central Park Recreation Center Leagues,"Basketball, volleyball, tennis, flag football, swim lessons","Central Park",5–15,Varies,"$80–$150",https://www.denvergov.org/parksandrecreation
5,Skyhawks Sports Camps,"Multi (soccer, flag football, baseball, tennis, golf)","Multiple Denver locations",4–14,Summer,"$150–$350",https://skyhawks.com/
6,Altitude All Sports,"Basketball, baseball, soccer, flag football","Central Park",4–12,Spring/Fall,"$100–$200",https://altitudeallsports.com/
7,Redline Athletics (Denver East),"Performance (speed, agility, strength)","Denver East",8–18,Year‑round,"$150–$250/month",https://redlineathletics.com/location/denver-east/
8,AdvantageYOU Tennis,"Tennis lessons and camps","Denver metro",5–18,Year‑round,"$120–$400",https://advantagesports.com/
9,First Tee Colorado,"Golf clinics and leagues","Denver metro",7–18,Spring/Summer/Fall,"$150–$300",https://firstteecolorado.org/
10,Denver Youth Tennis,"Tennis lessons","Denver Parks and Recreation",5–15,Spring/Summer,"$120–$200",https://www.denveryouthsports.org/content/25628/About-DPR-Youth-Tennis
11,Colorado Rapids Youth Soccer Club,"Soccer (competitive and recreational)","Denver metro",6–18,Year‑round,"$200–$600",https://www.coloradorapids.com/youth
12,Bear Creek Youth Lacrosse,Lacrosse,"Bear Creek area",6–14,Spring/Fall,"$300–$500",https://bearcreeklacrosse.com/
13,Denver Soccer Club,Soccer,"Denver metro",6–14,Spring/Fall,"$200–$500",https://denversoccerclub.com/
14,Colorado Rush Soccer Club,Soccer,"Littleton area",6–18,Year‑round,"$300–$800",https://coloradorush.com/
15,Cherry Creek Lacrosse,Lacrosse,"Cherry Creek",6–18,Spring/Fall,"$300–$600",https://www.cherrycreeklacrosse.org/
16,Foothills Swim Team,"Swimming (competitive)","Littleton",5–21,Year‑round,"$900–$2000",https://www.foothillsswimteam.com/
17,Ken Caryl Swim Team,"Swimming (recreational)","Ken Caryl Ranch",5–18,Summer,"$200–$400",https://ken-carylranch.org/
18,Colorado Athletic Club – Monaco Marlins,"Swimming lessons, swim team","Denver (Monaco)",5–18,"Summer and year‑round training","$35 registration + $350 per season",https://wellbridge.com/colorado-athletic-club-monaco/swim-team/
19,CSU Spur Youth Programs,"Multi (science, ag, sports science)","Denver National Western Complex",8–18,Summer,"$100–$200",https://csuspur.org/
20,Denver Parks Specialty Camps,"Multi (various specialty camps)","Denver recreation centers",6–12,Summer,"$100–$250",https://www.denvergov.org/parksandrecreation